<?xml version="1.0" encoding="UTF-8"?>
<!DOCTYPE mapper
 PUBLIC "-//mybatis.org//DTD Mapper 3.0//EN"
 "http://mybatis.org/dtd/mybatis-3-mapper.dtd">
<mapper namespace="Reply">

	<insert id="replyOn" parameterType="ReplyDTO">
		insert into ${r_name}(b_index,user_index,r_contents) values(#{b_index},#{user_index},#{r_contents})
	</insert>
	
	
	
	<select id="getReplyCntOnPost" parameterType="hashmap" resultType="_int">
		select count(*) from ${r_name} where b_index=#{b_index} and r_inactive=0
	</select>
	
	<select id="getReplies" parameterType="hashmap" resultType="ReplyDTO">
		select
		r.r_index,
		r.b_index,
		u.user_index,
		u.user_nickname,
		r.r_reg_date,
		r.r_update_date,
		r.r_contents,
		r.r_like_user_index,
		r.r_inactive 
		from ${r_name} r 
		join t_user u 
		on r.user_index=u.user_index 
		where b_index=#{b_index} and r_inactive=0 
		order by 1 asc limit #{startRow},#{pageSize}
	</select>
	
	
	
	<update id="updateReply" parameterType="hashmap">
		update ${r_name} set r_contents=#{r_contents}, r_update_date=now() where r_index=#{r_index}
	</update>
	
	<delete id="deleteReply" parameterType="hashmap">
		update ${r_name} set r_inactive=1 where r_index=#{r_index}
	</delete>
</mapper>